{
  "description": "项目私有配置文件。此文件中的内容将覆盖 project.config.json 中的相同字段。项目的改动优先同步到此文件中。详见文档：https://developers.weixin.qq.com/miniprogram/dev/devtools/projectconfig.html",
  "projectname": "ouc%E4%BB%8A%E5%A4%A9%E5%90%83%E5%95%A5%EF%BC%9F",
  "setting": {
    "compileHotReLoad": true
  },
  "condition": {
    "miniprogram": {
      "list": [
        {
          "name": "",
          "pathName": "pages/index_2/index_2",
          "query": "",
          "launchMode": "default",
          "scene": null
        },
        {
          "name": "plan",
          "pathName": "pages/week_plan/week_plan",
          "query": "",
          "launchMode": "default",
          "scene": null
        },
        {
          "name": "menu",
          "pathName": "pages/menu/menu",
          "query": "",
          "launchMode": "default",
          "scene": null
        },
        {
          "name": "index",
          "pathName": "pages/index/index",
          "query": "",
          "launchMode": "default",
          "scene": null
        }
      ]
    }
  }
}